location_id,location_name,address,city,state,zip
loc_00001,Bowman Inc,457 Roberts Harbor,South Wesleyborough,HI,50282
loc_00002,Griffin-Long,443 Tapia Lake Suite 293,North Elizabethshire,MI,52732
loc_00003,Henson LLC,217 Cook Mountains Apt. 261,North Sarahville,SC,65006
loc_00004,"Smith, Roy and Banks",434 Kelsey Oval,North Tinaland,FM,24944
loc_00005,Simpson PLC,381 Stevens Station Suite 755,East Patriciaville,IN,40543
loc_00006,"Kelly, Hernandez and Robinson",6295 Jenna Way Apt. 749,South Lauren,MN,97432
loc_00007,Mclaughlin LLC,5586 Kimberly Views,Williamsville,RI,64614
loc_00008,Washington and Sons,3539 Mary Shoals,West Amyland,WA,18073
loc_00009,Jordan-Riddle,85391 Klein Road,Vegashire,LA,28069
loc_00010,"Powell, Turner and Evans",2257 Jordan Points,Lake Ryan,NH,71136
loc_00011,Kirby-Miller,85182 Carolyn Islands Suite 505,New Jeffrey,FL,22678
loc_00012,Baker and Sons,9326 Anderson Freeway Suite 337,New Samuelside,MA,00788
loc_00013,Johnson-Norton,955 Martinez Village,Dorseyberg,WV,43786
loc_00014,"Baxter, Adams and Peters",0371 Christian Centers Apt. 900,West Christine,MP,20891
loc_00015,Leblanc-Brown,047 Jerry Drives,Franciscoside,MS,62397
loc_00016,Brown and Sons,540 Walsh Squares,Cherylborough,CO,07378
loc_00017,Jones-Baker,727 Scott Harbors,Steinbury,MP,53663
loc_00018,Velez-Preston,80728 Johns Plain,Wheelerfurt,MI,03225
loc_00019,Robertson-Stevens,1175 Holly Motorway,Littleview,KY,09579
loc_00020,Scott and Sons,268 Michelle Pine,Wendyfort,AR,13437
loc_00021,Thomas and Sons,19713 Ronald Ports,Brandonton,DE,56336
loc_00022,Webb Inc,50652 Calderon Port Suite 683,Lake Stephanie,TX,72698
loc_00023,"Kim, Chang and Tran",74440 Gill Plaza,East Brittanyland,MH,47562
loc_00024,Bowen PLC,4791 Hester Streets,Gregoryberg,NV,61285
loc_00025,"Hernandez, Smith and Gonzalez",1634 Deanna Burg,Wangfurt,MT,02381
loc_00026,Vazquez Inc,351 King Rue Apt. 967,East Dave,OH,54669
loc_00027,Berry-Ross,13064 Kevin Light Apt. 691,Tommouth,DE,05860
loc_00028,"Gonzalez, Hansen and Ray",62920 Mullen Fort Apt. 088,Roberthaven,IL,66120
loc_00029,"Underwood, Weber and Cooper",2625 Sanders Valleys Suite 500,Joannville,SD,08636
loc_00030,Allen Inc,61212 Stephen Mountain,Millerstad,WI,39689
loc_00031,"Herrera, Jackson and Scott",05928 Garner Burgs,Floresmouth,MS,89159
loc_00032,Gray Group,884 Atkins Stravenue,Karenport,FL,89177
loc_00033,Murphy and Sons,38516 Haley Forks,Aliciaton,AS,33778
loc_00034,"Fuentes, Schultz and Braun",87128 Judy Key,New Sarahshire,MA,69148
loc_00035,George Inc,293 Cheryl Crescent Apt. 334,East Johnton,DE,18304
loc_00036,Park-Hernandez,3043 Kyle Lane Suite 425,Smithland,PR,18004
loc_00037,"Oliver, Smith and Hale",7418 Jacob Trafficway,West Kaylee,CA,14353
loc_00038,Zavala PLC,286 Justin Drive,South Melissastad,VA,57250
loc_00039,"Kennedy, Russell and Lopez",808 Karen Freeway,Hensleyton,OH,39715
loc_00040,"Castillo, Briggs and Ross",58474 Andrew Harbor Apt. 913,North Jody,PR,03549
loc_00041,"Robinson, Mckenzie and Decker",6819 Renee Spring,Thomasmouth,OH,08342
loc_00042,Carter LLC,65381 Stone Brook,New Gregoryview,MS,37318
loc_00043,"Mckinney, Miller and Moore",456 Chavez Shoals,Port Cameronberg,VI,47714
loc_00044,"Woodward, Lee and Murphy",5434 Bridges Ridge,Port Christopherborough,GU,48257
loc_00045,Bradley-Knox,539 Lewis Neck Suite 095,Lake Michael,GU,61613
loc_00046,Brooks-Carter,67933 Moreno Isle,South Johnathan,GA,18078
loc_00047,"Nguyen, Moreno and Garcia",866 Eddie Vista Suite 035,West Elizabeth,WI,30644
loc_00048,Beltran-Hicks,89852 Sullivan Stream,Emilymouth,MH,96549
loc_00049,Thomas Inc,2583 Tammy Rest,East Cheryltown,NM,20512
loc_00050,Campbell Inc,916 Timothy Hollow,Lake Emma,HI,30436
