customer_id,entity_type,first_name,last_name,tin,address,city,state,zip,dob
noncust_000001,Individual,Zoe,Pruitt,212-68-1862,525 Stewart Stream,Meadowsburgh,AR,95494,1938-05-16
noncust_000002,Individual,Jose,Booth,560-51-1076,23334 Jeffrey Island,Davidchester,IL,06762,1965-03-19
noncust_000003,Individual,Kristen,Wheeler,310-14-4869,181 Allen Court Suite 609,Lake Jeffreyfort,PA,66979,1939-02-15
noncust_000004,Individual,Mark,Russell,547-49-7306,8294 Brendan Hollow Apt. 165,Connorborough,WY,07764,1964-12-17
noncust_000005,Individual,Kayla,Chavez,273-07-6819,25975 Timothy Path,Mooreshire,MI,74650,1997-10-23
noncust_000006,Individual,Jessica,Gilmore,572-06-2015,778 Jenkins Station Suite 202,Johnsonview,KY,23732,1957-04-16
noncust_000007,Individual,Frank,White,504-14-7660,73499 Boyd Ports Apt. 166,New Emily,CO,63381,1945-07-23
noncust_000008,Individual,Lee,Moreno,263-14-4223,898 Carpenter Keys,Chambersport,LA,83389,2006-09-22
noncust_000009,Individual,Kevin,Gutierrez,008-33-7895,3020 Krueger Crest Suite 585,East James,MI,45698,1960-03-26
noncust_000010,Individual,David,Young,841-10-9457,5659 Gary Landing,Wareport,MA,19713,1936-12-21
noncust_000011,Individual,Sarah,Walker,319-08-8773,78366 Bradley Shores,Ericland,WV,82302,2006-07-22
noncust_000012,Individual,Dawn,Shields,521-76-1119,995 Francis Skyway,East Anne,PR,53432,1992-09-11
noncust_000013,Individual,Anthony,Browning,028-49-8580,9923 Mary Tunnel,East Juanfurt,WI,60770,1968-07-22
noncust_000014,Individual,Jason,Smith,891-11-3576,2322 Sanders Rapids,Wagnermouth,MP,76309,1965-10-06
noncust_000015,Individual,Stephanie,Johnson,343-41-8247,958 Vanessa Hollow Apt. 655,Jasminebury,KS,07675,1992-10-11
noncust_000016,Individual,Steven,Winters,785-45-2978,21015 Mark Mountain,West Hailey,WI,30769,1949-03-11
noncust_000017,Individual,Eric,Powers,520-12-6439,72908 Cynthia Point Suite 890,Port Kimberly,WA,70137,2003-04-22
noncust_000018,Individual,Zachary,Gross,785-58-1074,70700 Oconnor Creek,Brandystad,VA,60121,1994-06-29
noncust_000019,Individual,Sean,Fuller,648-98-8098,945 Johnson Summit,Suzannefurt,AR,48884,1976-09-18
noncust_000020,Individual,Richard,Kennedy,343-18-8198,9648 Julie Corner,Codyland,KS,84073,1966-01-13
noncust_000021,Individual,Katherine,Baldwin,806-40-8878,22736 Steven Extension,Peterbury,LA,81260,1941-12-24
noncust_000022,Individual,Jessica,Chang,206-27-9371,612 Sandra Valley,South Robin,LA,31040,1997-03-24
noncust_000023,Individual,Denise,Wilkinson,757-29-5823,88680 Barbara Stravenue Apt. 804,South Mark,HI,83199,1949-10-26
noncust_000024,Individual,Peter,Holloway,435-95-8662,6237 Ryan Plain Apt. 886,Wadeton,ME,28470,1952-12-15
noncust_000025,Individual,Michael,Johnson,150-90-1626,24087 Walker Forest Suite 814,Luistown,MI,11610,2002-09-23
noncust_000026,Individual,Joseph,Gonzalez,576-28-1165,983 Hannah Walk Apt. 458,Port Dawnchester,VT,50952,1997-11-27
noncust_000027,Individual,Erik,George,532-51-7275,4722 Garcia Parks,Hudsontown,NC,18229,2006-03-09
noncust_000028,Individual,Pamela,Perez,143-86-7166,97897 Greene Plaza Apt. 597,Normanport,PW,07771,1969-10-25
noncust_000029,Individual,Chloe,Fleming,136-76-4531,8899 Christopher Point,Henryberg,NM,44871,1975-09-13
noncust_000030,Individual,Wanda,Ayala,565-87-9780,6593 John Coves,Harrismouth,NJ,07284,1963-01-13
noncust_000031,Individual,Terri,Williams,172-20-8776,37107 Evans Mountains Apt. 434,South Justinchester,UT,73671,1973-07-11
noncust_000032,Individual,Frank,Bailey,084-94-9490,4015 Jennifer Plaza Suite 250,Anitaville,NE,40727,1938-01-31
noncust_000033,Individual,Trevor,Miles,888-60-8993,88552 Renee Canyon,Ryanmouth,MT,79987,2003-08-01
noncust_000034,Individual,Chad,Thompson,696-52-1819,59774 Miller Club,Melindastad,MH,04613,1985-02-12
noncust_000035,Individual,Lisa,Mcguire,025-70-0680,4299 Tapia Meadows Apt. 527,North Chase,SC,12411,1940-04-08
noncust_000036,Individual,Connie,Holmes,744-09-4704,6620 Galvan Road Suite 776,Peggyfort,IN,93378,1965-10-16
noncust_000037,Individual,Kim,Bell,187-53-3180,4294 Anthony Lights Apt. 505,Thomasland,FM,20317,1988-12-20
noncust_000038,Individual,David,Odonnell,699-80-0794,26829 Hunter Rapids Apt. 051,West Davidland,ND,20526,1994-05-02
noncust_000039,Individual,John,Duarte,816-91-6794,9599 Karina Parks Apt. 940,Scottchester,VA,99870,1963-10-05
noncust_000040,Individual,Angela,Howe,228-19-3572,29147 Nelson Way,Port Ericton,PW,22364,1963-05-02
noncust_000041,Individual,Wayne,Nolan,649-03-3779,807 Karen Corners,Marshalltown,ND,09396,1956-05-05
noncust_000042,Individual,Casey,Rhodes,299-89-7672,27539 Vargas Light Apt. 382,East Amandahaven,IA,90271,1960-04-18
noncust_000043,Individual,Mary,Mckinney,610-20-2096,9102 Karen Stream Suite 307,Garciabury,KS,97836,1981-07-04
noncust_000044,Individual,Michael,Ferguson,508-44-9471,8268 Morris Stream Apt. 454,Michaelmouth,IN,05985,1981-01-07
noncust_000045,Individual,Kirk,Mcfarland,727-29-8379,784 Walton Ranch,East Larryton,AS,29139,1993-12-20
noncust_000046,Individual,Jason,Guerrero,532-62-3851,990 Chase Bypass,Glennport,WA,80893,1996-08-21
noncust_000047,Individual,Troy,Glover,307-56-1654,6879 Nguyen Cove Apt. 711,Maddenville,DC,61155,1939-11-18
noncust_000048,Individual,John,Willis,615-89-1515,0420 Taylor Prairie Suite 960,West Craig,OR,51907,1943-05-20
noncust_000049,Individual,Zachary,Young,174-44-9576,725 Ann Stravenue Apt. 409,Cohenstad,ME,20894,1939-01-09
noncust_000050,Individual,Jason,Phillips,860-88-5524,02171 Hill View Apt. 847,New Joshua,LA,93882,1954-09-05
noncust_000051,Individual,Sandra,Williams,087-91-0853,07647 Rubio Extensions Apt. 389,North Robert,KS,47299,1945-03-31
noncust_000052,Individual,Tiffany,Keith,542-81-0682,8205 Jennifer Shoals,New Anthony,CA,79981,1998-05-12
noncust_000053,Individual,Christopher,Fisher,363-05-8354,33401 Bowen Crest,Port Kathryn,UT,18597,1947-10-19
noncust_000054,Individual,Victor,David,232-39-7120,99337 Lopez Knoll Suite 443,Charlottechester,VA,84256,1949-02-08
noncust_000055,Individual,Brett,Schroeder,826-05-7211,6645 Jack Harbor,Billymouth,NJ,19545,1988-08-27
noncust_000056,Individual,Jeffrey,Mccullough,047-16-5548,577 Scott Flat Suite 224,Lake Tammiemouth,SC,97661,1982-08-25
noncust_000057,Individual,Hannah,Stewart,599-34-8745,46436 Gibson Inlet Apt. 882,South Susan,ME,98994,1997-08-16
noncust_000058,Individual,Melanie,Jones,390-81-4259,8827 Ronald Field,Guerrerofurt,ND,86626,1947-06-05
noncust_000059,Individual,Samantha,Peterson,648-48-6099,938 Perry Orchard,East Jonathan,GU,97578,1968-02-27
noncust_000060,Individual,Amy,Hart,890-99-8059,04328 Hamilton Isle,Lake Kelsey,KY,53592,1945-05-21
noncust_000061,Individual,Steve,Sandoval,667-65-8989,460 Thomas Island,New Cristinaburgh,WY,00783,1936-02-16
noncust_000062,Individual,Eric,Garcia,575-10-6812,9512 Murphy Ports,South Audrey,WA,90988,2006-05-27
noncust_000063,Individual,Jessica,Trujillo,853-73-9730,309 Rebecca Gateway Suite 021,North Lance,NE,33521,1989-05-02
noncust_000064,Individual,Maria,Stafford,102-11-8225,787 Cameron Cliffs,West Elizabeth,VI,08319,1945-04-15
noncust_000065,Individual,Ana,Hernandez,230-92-1658,432 Jake Divide,Harrisstad,RI,19865,1939-03-09
noncust_000066,Individual,April,Martinez,729-47-5933,25224 Matthew Cliffs,Laurahaven,WY,48326,1995-01-26
noncust_000067,Individual,Bonnie,Fischer,788-94-3252,8685 Carla Fall Suite 027,West Lindsey,MP,74902,2001-04-01
noncust_000068,Individual,Richard,Clayton,260-06-2925,143 Walker Stream,New Karentown,NM,52973,1941-07-15
noncust_000069,Individual,Maria,Berger,810-61-6006,092 Ford Pine Suite 744,Jonland,NH,44232,2005-07-27
noncust_000070,Individual,Vanessa,Kim,863-58-7583,040 Jackson Orchard Suite 166,Port Derek,AK,70289,1953-06-10
noncust_000071,Individual,Megan,Bennett,527-28-5210,335 King Alley Apt. 737,East Gregoryport,RI,10783,1949-06-09
noncust_000072,Individual,David,Maddox,833-78-1318,799 Nunez Creek,Shelleyview,NJ,04963,1978-03-04
noncust_000073,Individual,Kevin,Willis,077-13-3362,2879 Shepherd Neck,Suzanneburgh,AK,85098,2000-06-28
noncust_000074,Individual,Paula,Weaver,516-24-3370,5381 Miller Ports Suite 412,West David,GA,73034,2004-08-28
noncust_000075,Individual,Scott,Mckee,513-19-8370,41609 Little Lakes,North Patrick,WV,62589,1953-08-01
noncust_000076,Individual,Mark,Ford,008-37-7371,49561 Julie Burg Apt. 170,Bryanview,OH,11164,1978-10-22
noncust_000077,Individual,Mary,Saunders,450-24-1435,799 Curtis Orchard,South Brandon,MT,20012,1966-12-22
noncust_000078,Individual,Sara,Love,751-83-6205,9167 Mckee Mountain Suite 320,Bradleyberg,NH,91010,1986-11-10
noncust_000079,Individual,Margaret,Smith,484-41-3065,9760 Brett Neck Suite 583,North Meganburgh,FM,69383,1958-04-21
noncust_000080,Individual,Samuel,Moreno,476-20-5791,07948 Diane Hills,Barbarachester,MH,73737,1976-09-05
noncust_000081,Individual,Jerry,Collins,476-15-4981,47128 Adrienne Cliff,South Sarah,MP,90827,1968-06-19
noncust_000082,Individual,Angelica,King,168-66-1128,686 Davis Street,Port Julianton,ID,21879,1983-09-08
noncust_000083,Individual,David,Taylor,152-91-5338,927 Ashley Village Suite 329,Guerreromouth,FM,51822,1941-04-21
noncust_000084,Individual,Jessica,Allen,281-19-9424,940 Sharon Springs,Matastad,MT,39238,1940-06-15
noncust_000085,Individual,Clinton,Davis,739-95-8673,2576 Hutchinson Fall Suite 382,West Troyport,MI,89175,1942-02-24
noncust_000086,Individual,Barbara,Carlson,174-49-3863,902 Gerald Wall Suite 566,Brownbury,MN,04457,1991-04-18
noncust_000087,Individual,Tyrone,Johnston,498-52-5694,30099 Young View Apt. 549,Lake Brian,LA,43813,1983-10-15
noncust_000088,Individual,Joel,Brown,581-19-6323,191 Douglas Trace Suite 642,Flemingside,NE,53068,1970-10-03
noncust_000089,Individual,Rachael,Snyder,748-27-2395,1110 Adrian Street,Rossfurt,UT,73496,1956-07-06
noncust_000090,Individual,Nicole,Wallace,776-64-1416,979 Potts Ways,Louisberg,FL,21308,1993-09-03
noncust_000091,Individual,Erin,Gomez,458-66-1183,664 Lisa Extensions Suite 504,Nguyenborough,GA,13705,1983-04-30
noncust_000092,Individual,Amy,Garcia,305-40-7810,0313 Leah Underpass Apt. 739,Johnsborough,MH,36805,1989-12-06
noncust_000093,Individual,Sharon,Preston,265-38-5861,437 Gallegos Lock Suite 335,Schroederside,VT,65824,2001-07-24
noncust_000094,Individual,Erin,Reyes,839-63-1905,008 Nguyen Bypass,Jonesshire,MO,46577,2002-02-03
noncust_000095,Individual,Reginald,Oneal,104-79-3601,771 Anna Ports,Meganchester,MH,58542,1939-11-28
noncust_000096,Individual,Beth,Payne,396-86-9496,5073 Logan Estate,North Jamesfurt,AR,66203,1972-06-01
noncust_000097,Individual,Thomas,Gould,220-38-8909,0979 Charles Squares,Webbland,MN,73206,2003-01-26
noncust_000098,Individual,Karen,Marquez,042-51-2883,17415 Brady Locks Apt. 413,Hernandezland,OK,74491,1958-06-23
noncust_000099,Individual,Diana,Riley,341-04-8873,610 Megan Place,Johnsonville,VT,50762,1944-10-16
noncust_000100,Individual,Sandra,Silva,278-07-0603,9381 Harmon Fall,South Jeffrey,AR,28388,1996-02-14
noncust_000101,Individual,Amy,Wallace,769-26-4014,772 Cortez Hollow,Lake Christophermouth,NC,01002,1940-10-28
noncust_000102,Individual,Karen,Ramirez,829-79-3781,5383 Stephanie Drive,Richardhaven,MP,10270,1960-05-17
noncust_000103,Individual,Chase,Trevino,813-60-3730,5342 Kelly Ferry Suite 225,North Barbara,KY,18332,1987-05-11
noncust_000104,Individual,Matthew,Rodriguez,742-28-0102,1708 Smith Meadows Suite 941,South Haleyview,NE,68930,1987-08-05
noncust_000105,Individual,William,Williams,299-25-0411,812 Lawrence Mountains Apt. 759,Port Ariel,PA,97993,1972-06-11
noncust_000106,Individual,Erika,Randolph,565-73-2785,71932 Steven Shoals,West Joshuaburgh,ND,79476,1999-02-08
noncust_000107,Individual,Jennifer,Smith,008-17-5960,5596 Johnston Inlet Apt. 862,Matthewland,CO,43847,2005-03-08
noncust_000108,Individual,Paul,Johnson,326-86-6913,93293 Gray Green,West Katelyn,VA,10919,1935-11-25
noncust_000109,Individual,Scott,Elliott,307-23-4240,277 Laura Groves,West Josephmouth,VA,49680,1983-08-20
noncust_000110,Individual,Kristina,Tucker,392-59-9327,67537 Kevin Summit,East Spencermouth,OR,34440,1973-12-19
noncust_000111,Individual,Nancy,Rogers,638-94-4838,9505 Fuller Fields Suite 034,Fordland,UT,30453,1957-09-07
noncust_000112,Individual,Dana,Ramos,252-52-8484,69430 Mary Isle Apt. 973,Port Morganborough,KY,96139,1969-03-25
noncust_000113,Individual,Angela,Sutton,858-91-3551,3123 Brian Fort Suite 810,Emilyside,CA,40281,1980-10-10
noncust_000114,Individual,Tim,Walker,371-31-3866,397 Allen Vista Apt. 533,Hamptonport,WV,52549,1967-04-03
noncust_000115,Individual,Barbara,Collins,338-19-4876,7843 Jennifer Roads,New Ethan,GA,76077,2007-08-04
noncust_000116,Individual,Andrew,Stephenson,819-22-3686,58020 Heather Mill,Willistown,PW,02717,1964-01-24
noncust_000117,Individual,Erin,Jennings,519-01-6086,88364 Mark Causeway Apt. 043,North Jeffreytown,NH,23131,1959-07-11
noncust_000118,Individual,Karen,Scott,011-73-3806,47101 Schmidt Lakes Apt. 903,South Bruce,LA,53465,1943-05-11
noncust_000119,Individual,David,Greer,323-59-1483,0162 Douglas Parks,Baileyview,PW,68396,1979-08-20
noncust_000120,Individual,Christine,King,392-22-4925,6377 Cannon Plain Apt. 083,Valeriefort,OH,13513,1967-04-16
noncust_000121,Individual,Ebony,Blackburn,035-12-7688,84799 Farmer Track Suite 124,Mistybury,PA,75614,2002-12-17
noncust_000122,Individual,Crystal,Smith,252-56-0432,8926 Hill Causeway Apt. 866,North James,NJ,71194,1968-06-01
noncust_000123,Individual,Mary,Gaines,672-23-8252,218 Jennifer Mountains Suite 891,Port Erik,MS,67408,1985-12-24
noncust_000124,Individual,Bill,Fisher,467-04-5020,81791 Lyons Mountains,Matthewsport,RI,38774,1940-07-02
noncust_000125,Individual,Lisa,Valdez,224-18-5771,851 Williams Fords Apt. 180,Lake Heidiside,SC,18771,1958-10-28
noncust_000126,Individual,Katherine,Daniel,003-24-9888,5935 Smith Junction,Ortizland,PR,11534,1956-07-30
noncust_000127,Individual,Tony,Howard,221-92-4198,2236 Kelly Alley Apt. 525,Knightshire,IN,22536,1979-09-09
noncust_000128,Individual,Douglas,Roberts,093-21-5648,33391 Gary Island,Stevenland,LA,77064,1944-03-07
noncust_000129,Individual,Maria,Simmons,581-43-9198,45613 Samantha Tunnel,Kristachester,OK,01011,2003-10-06
noncust_000130,Individual,Cynthia,Davidson,427-96-3232,1031 Conrad Lights,South Brucefurt,VT,70692,1966-03-11
noncust_000131,Individual,Troy,Mayo,322-48-5604,92788 Hannah Freeway,North Jessicahaven,OK,71069,1958-05-25
noncust_000132,Individual,Bruce,Parrish,114-22-9459,2102 Santiago Point Apt. 361,Kevinburgh,PR,95392,1936-10-17
noncust_000133,Individual,Laurie,Patel,332-77-4827,964 Parrish Stravenue,Port Justinhaven,AK,50374,1981-10-16
noncust_000134,Individual,Tony,Smith,053-10-4340,741 Williams Crossroad,Burgessborough,RI,95997,1941-06-15
noncust_000135,Individual,Patricia,Johnson,285-36-1885,491 Arnold Creek,Ashleystad,AL,65523,1984-04-26
noncust_000136,Individual,Kelly,Taylor,059-74-2777,3383 Jasmine Roads,Webbport,CA,99480,1962-07-08
noncust_000137,Individual,David,Alexander,670-29-9219,21641 Kevin Stream,Marshallland,ND,92517,1956-11-08
noncust_000138,Individual,Julie,Anderson,744-46-4685,8834 Nelson Branch Apt. 982,South Joshuaburgh,MA,49158,1966-01-22
noncust_000139,Individual,Caleb,Lyons,778-89-8198,1570 James Lock,Vasquezport,NY,26856,1983-03-23
noncust_000140,Individual,Kathryn,Johnson,509-72-1271,880 Perez Neck Apt. 911,Walterborough,CO,43574,1961-08-10
noncust_000141,Individual,Steven,Garrett,718-26-4928,4775 Logan Loop Apt. 011,East Kimberlystad,MA,02752,1938-07-29
noncust_000142,Individual,Alexander,Mora,127-42-5681,2892 Logan Shoal Apt. 553,New James,AR,03215,1964-05-03
noncust_000143,Individual,Patricia,Hill,259-65-3923,1963 Kelly Underpass,Lake Angelica,NH,39391,1994-06-13
noncust_000144,Individual,Vicki,Mcguire,302-63-1581,34438 Mullins Ways,Lake Deanna,ME,37432,1939-09-05
noncust_000145,Individual,Mario,Wilson,490-49-4280,508 Andrew Throughway,Pamelaport,CA,81565,2000-01-08
noncust_000146,Individual,Bryan,Wolfe,718-63-5405,5734 Robert Hills Apt. 610,Goodwinland,DC,57796,1946-02-27
noncust_000147,Individual,Sonia,Rogers,784-58-8484,96378 Martinez Stravenue Suite 936,Welchview,MA,18219,1966-03-16
noncust_000148,Individual,Lisa,Thompson,330-97-3576,23780 Shannon Field Suite 610,Hernandezview,WV,16662,1991-09-18
noncust_000149,Individual,Jesus,Golden,837-89-4829,4096 Jason Overpass Suite 985,Andrewshire,UT,44648,1986-05-18
noncust_000150,Individual,Jessica,Hughes,435-98-5826,378 Reed Mall Suite 505,Harringtonview,NC,13553,1987-08-17
noncust_000151,Individual,Arthur,Snyder,751-93-0636,70535 Valerie Harbor Suite 415,Crystalshire,GA,50376,1997-04-15
noncust_000152,Individual,Angela,Faulkner,317-57-3055,4379 Stephen Villages,Lake Chad,MT,56468,1978-09-10
noncust_000153,Individual,Rebecca,Soto,840-55-9845,724 Zhang Roads Suite 065,Millerport,SC,49717,1977-03-03
noncust_000154,Individual,Jack,Kramer,037-73-0881,1368 Jacob Parks Apt. 777,New Joshua,TN,78481,1994-02-10
noncust_000155,Individual,Susan,Hernandez,200-95-6394,6366 Anne Court Apt. 598,West Theresa,OK,45239,1969-12-03
noncust_000156,Individual,Benjamin,Brown,251-19-2592,203 Diana Port Apt. 226,Chanberg,OH,28147,1961-01-13
noncust_000157,Individual,Joy,Rivera,451-69-4338,2935 Solomon Roads,Edwinchester,OH,52977,1989-11-04
noncust_000158,Individual,Thomas,Hall,295-45-1863,7510 David Plains,West Andreafurt,MH,90182,1953-03-08
noncust_000159,Individual,Melissa,Brock,345-52-4571,8516 Vasquez Pines,South Juliechester,WI,40140,1974-08-07
noncust_000160,Individual,Renee,Ross,352-42-8100,8131 Vargas Walks,Craneberg,AS,77284,1964-12-14
noncust_000161,Individual,Christina,Jimenez,192-67-8728,770 Johnson Walk,Lake Davidberg,RI,74996,1950-01-03
noncust_000162,Individual,Deborah,Mann,716-17-2772,30108 Amanda Manors,Lake Aaronhaven,AL,70233,1983-05-03
noncust_000163,Individual,Tracey,Powers,415-33-0419,678 Cook Springs Suite 537,Sheilastad,MO,02119,1954-12-21
noncust_000164,Individual,Grace,Hayes,119-09-1316,2806 Sara Club,South Samantha,WA,81178,1962-10-16
noncust_000165,Individual,Kimberly,Chen,745-99-7627,563 Jones Burgs Apt. 214,North Angelamouth,NE,37395,1973-01-10
noncust_000166,Individual,Joshua,Greene,814-51-8203,557 Owens Lakes Apt. 899,East Franciscoberg,OH,12543,1955-06-21
noncust_000167,Individual,Robert,James,188-37-9147,529 Laura Squares,Lake John,AR,50139,1996-07-21
noncust_000168,Individual,Jacob,Randolph,221-18-8527,2185 Porter Summit,Port Ricky,NJ,40631,1952-07-13
noncust_000169,Individual,Theresa,Cole,619-17-8296,307 Lee Falls,West Sarahborough,MO,62585,2004-02-04
noncust_000170,Individual,Elizabeth,Collier,748-50-4503,69790 Steven Camp,South Craigchester,WY,71972,2004-05-17
noncust_000171,Individual,Ryan,King,446-63-1312,0928 Cruz Rue Suite 572,Jameschester,FL,22341,1969-12-13
noncust_000172,Individual,Monica,Williams,658-83-8884,8856 West Square,Nancybury,AZ,33237,1962-05-09
noncust_000173,Individual,Sarah,Gonzalez,265-88-9228,9479 Cole Alley,South Lori,AR,76140,1981-07-17
noncust_000174,Individual,Jennifer,Harrison,745-93-0118,8087 Wilson Harbors Suite 710,Jamiemouth,CO,40192,1952-01-24
noncust_000175,Individual,Benjamin,Thompson,463-11-0679,2970 Denise Roads Suite 017,Bethhaven,LA,83293,1973-11-05
noncust_000176,Individual,Deborah,Martin,852-12-0825,5227 Ellis Bridge,Bakerfort,TX,19329,1978-11-02
noncust_000177,Individual,Diane,Smith,178-43-8724,7596 Young Glens,East Caitlin,DE,44159,1938-09-03
noncust_000178,Individual,Eric,Castaneda,729-13-7423,223 Harper Path Suite 287,Lake Melinda,IN,54738,1976-11-11
noncust_000179,Individual,Erin,Powell,574-74-0326,7027 Rice Plains Apt. 612,Port Theresaton,NJ,77261,1995-01-15
noncust_000180,Individual,Tami,Soto,023-43-6046,88807 Miller Throughway Suite 456,South John,IA,11372,1952-06-28
noncust_000181,Individual,Emily,English,502-39-5187,4028 Bennett Extension,Crystaltown,MO,33499,1965-04-13
noncust_000182,Individual,Karen,Oneal,223-33-1452,154 Carl Plaza Apt. 075,Lake Andrewfurt,WY,35269,1957-02-08
noncust_000183,Individual,Sarah,Gonzalez,470-31-4293,002 Kevin Cliff,East Patrickberg,LA,74769,1986-09-12
noncust_000184,Individual,Lynn,Clark,601-48-3836,25275 Suarez Summit,Michaelport,ME,24547,1957-09-13
noncust_000185,Individual,Susan,Melendez,144-53-7775,6584 Murphy Shore Apt. 792,New Jennifer,MP,46212,1960-04-30
noncust_000186,Individual,Christina,Romero,868-27-5599,3152 Sara Unions Suite 434,Chrisberg,CO,65155,1973-02-09
noncust_000187,Individual,Teresa,Cook,470-26-7620,9567 Stanton Station Apt. 569,South Josephchester,PW,65208,1951-07-03
noncust_000188,Individual,David,Mcdonald,027-13-0663,543 Shannon Lock,Gonzalesborough,KS,75836,1983-11-12
noncust_000189,Individual,Alexander,Cooper,383-89-4280,440 Barnes Unions Suite 374,New Nathan,AR,11931,1937-12-04
noncust_000190,Individual,Jennifer,Daugherty,039-54-5294,6839 Robert Corner,Cruzshire,ME,17941,1944-09-23
noncust_000191,Individual,Robin,Hester,401-66-8343,310 Burke Overpass Apt. 213,West Tracy,CA,15286,1971-07-11
noncust_000192,Individual,Harold,Lucas,840-92-4666,253 Myers Spurs,West Kathrynburgh,RI,95678,1973-04-17
noncust_000193,Individual,Jerry,Ryan,652-80-5690,8888 Clark Terrace,New Alejandro,HI,81794,1956-12-04
noncust_000194,Individual,Christie,Merritt,677-87-7214,03171 Meghan Landing Suite 726,Port Matthewside,AZ,29100,1966-01-14
noncust_000195,Individual,Brian,Wilson,863-01-2040,6390 Samantha Drive,Lake Lindaside,ME,38518,1938-06-06
noncust_000196,Individual,Robert,Davis,705-87-0029,9640 Cassandra Stravenue Suite 799,Lake Steve,TX,14021,1996-05-28
noncust_000197,Individual,Gregory,Gallegos,699-41-1886,5132 Cruz River,South Lindafort,AR,59061,1999-07-23
noncust_000198,Individual,Thomas,Hobbs,482-51-6394,117 Brandon Underpass Apt. 777,Lake Christinafurt,MO,93717,1990-05-15
noncust_000199,Individual,Kelly,Moore,766-07-0782,614 Morrow Valley,Nelsonchester,NH,72514,1943-09-14
noncust_000200,Individual,Tina,Smith,608-67-0737,0118 Seth Ford,New Melissaview,RI,09263,2002-05-02
